rank,object_id,px,row,col,easting,northing,d_to_catalogue_m,mean_probability,epistemic_var,aleatoric_var,total_var,epistemic_share,survey_coverage,lidar_covered,mean_rank_score,epistemic_top_quartile,priority,epistemic_interpretation
1,97,109,1115,417,285054.12844,4396995.412844,4318.564576,0.983463,9.7e-05,0.016165,0.016262,0.005971,0.532472,True,0.983463,True,0.984054,well-surveyed + high epistemic: treat with suspicion
2,14,2347,232,427,286055.432467,4485263.698338,6940.46108,0.983717,4.9e-05,0.01596,0.016008,0.003072,0.534237,True,0.983717,False,0.984017,epistemic disagreement below the candidate 75th percentile
3,22,575,274,1576,400969.217391,4481069.73913,4600.0,0.983787,1.3e-05,0.01593,0.015943,0.000829,0.747346,True,0.983787,False,0.983738,epistemic disagreement below the candidate 75th percentile
4,153,841,2447,1610,404414.744352,4263795.362663,2507.987241,0.984046,6.1e-05,0.015634,0.015695,0.00382,0.795779,True,0.984046,False,0.983682,epistemic disagreement below the candidate 75th percentile
5,34,189,335,2813,524723.809524,4474976.190476,2209.072203,0.982537,4.8e-05,0.017102,0.017151,0.002797,0.133807,False,0.982537,False,0.983635,epistemic disagreement below the candidate 75th percentile
6,101,711,1290,674,310795.218003,4379477.918425,360.555128,0.982914,8.7e-05,0.016693,0.016781,0.004978,0.488045,True,0.982914,False,0.983569,epistemic disagreement below the candidate 75th percentile
7,221,167,3511,1994,442764.071856,4157374.850299,2941.088234,0.98358,4.6e-05,0.016102,0.016148,0.00289,0.701623,True,0.98358,False,0.983505,epistemic disagreement below the candidate 75th percentile
8,185,115,2969,2110,454393.043478,4211592.173913,905.538514,0.983172,8.9e-05,0.016453,0.016542,0.005274,0.596453,True,0.983172,True,0.983445,well-surveyed + high epistemic: treat with suspicion
9,70,1914,760,630,306358.202717,4432523.458725,2473.863375,0.983355,8e-05,0.016253,0.016333,0.004212,0.641808,True,0.983355,False,0.983432,epistemic disagreement below the candidate 75th percentile
10,106,111,1314,704,313818.918919,4377118.918919,412.310563,0.982908,7.1e-05,0.016724,0.016795,0.004249,0.5,True,0.982908,False,0.983431,epistemic disagreement below the candidate 75th percentile
11,111,373,1427,1427,386147.72118,4365791.689008,1000.0,0.983311,4.3e-05,0.016364,0.016407,0.002592,0.609426,True,0.983311,False,0.98342,epistemic disagreement below the candidate 75th percentile
12,114,32,1439,1425,385896.875,4364612.5,200.0,0.982917,6.6e-05,0.016723,0.016789,0.003941,0.5,True,0.982917,False,0.983402,epistemic disagreement below the candidate 75th percentile
13,60,144,604,2179,461268.75,4448100.0,1400.0,0.983571,2.1e-05,0.016135,0.016156,0.001302,0.881305,True,0.983571,False,0.983365,epistemic disagreement below the candidate 75th percentile
14,102,286,1290,697,313101.048951,4379508.391608,984.88578,0.982748,8.2e-05,0.016865,0.016947,0.004777,0.5,True,0.982748,False,0.983335,epistemic disagreement below the candidate 75th percentile
15,63,157,620,498,293200.0,4446500.0,5300.943312,0.982472,3e-05,0.017185,0.017215,0.001724,0.0,False,0.982472,False,0.983319,epistemic disagreement below the candidate 75th percentile
16,42,468,381,1277,371121.153846,4470387.820513,11985.407794,0.983021,3.5e-05,0.016649,0.016684,0.00211,0.5,True,0.983021,False,0.98328,epistemic disagreement below the candidate 75th percentile
17,10,81,146,425,285900.0,4493900.0,2402.08243,0.982894,5.5e-05,0.016755,0.01681,0.003205,0.506823,True,0.982894,False,0.983272,epistemic disagreement below the candidate 75th percentile
18,49,378,494,834,326838.359788,4459115.608466,1992.485885,0.983189,1.9e-05,0.016503,0.016522,0.001096,0.577694,True,0.983189,False,0.983261,epistemic disagreement below the candidate 75th percentile
19,176,584,2870,1873,430663.69863,4221544.520548,6801.470429,0.982907,4.4e-05,0.016744,0.016788,0.002598,0.5,True,0.982907,False,0.983226,epistemic disagreement below the candidate 75th percentile
20,67,117,698,2564,499800.0,4438700.0,2109.502311,0.982071,7.3e-05,0.01753,0.017602,0.003995,0.276428,False,0.982071,False,0.98322,epistemic disagreement below the candidate 75th percentile
21,20,127,232,404,283788.976378,4485253.543307,4909.175083,0.982895,4.4e-05,0.016765,0.016809,0.002609,0.502176,True,0.982895,False,0.983212,epistemic disagreement below the candidate 75th percentile
22,186,110,2977,2124,455850.0,4210800.0,2193.17122,0.982769,6e-05,0.016869,0.016929,0.003484,0.5,True,0.982769,False,0.983197,epistemic disagreement below the candidate 75th percentile
23,151,696,2407,1595,402930.45977,4267834.33908,2624.88095,0.982857,4.5e-05,0.016792,0.016837,0.002743,0.5,True,0.982857,False,0.983194,epistemic disagreement below the candidate 75th percentile
24,222,257,3548,2051,448486.770428,4153675.097276,5243.090692,0.983531,2.5e-05,0.016167,0.016192,0.00158,0.999795,True,0.983531,False,0.983143,epistemic disagreement below the candidate 75th percentile
25,181,139,2942,1588,402153.23741,4214346.76259,3465.54469,0.982486,8.3e-05,0.017115,0.017199,0.004822,0.5,True,0.982486,False,0.983078,epistemic disagreement below the candidate 75th percentile
26,13,330,160,1528,396232.424242,4492451.515152,1000.0,0.983458,5.5e-05,0.016207,0.016262,0.003249,0.835606,True,0.983458,False,0.983053,epistemic disagreement below the candidate 75th percentile
27,174,679,2797,1769,420332.400589,4228759.793814,5818.075283,0.982432,8.7e-05,0.01716,0.017247,0.004885,0.5,True,0.982432,False,0.983032,epistemic disagreement below the candidate 75th percentile
28,78,151,850,1766,420005.298013,4423488.07947,943.398113,0.983062,2.6e-05,0.016623,0.016649,0.001554,0.705559,True,0.983062,False,0.983017,epistemic disagreement below the candidate 75th percentile
29,82,81,880,1720,415400.0,4420500.0,1252.996409,0.982975,2.5e-05,0.016704,0.016729,0.001569,0.65627,True,0.982975,False,0.982987,epistemic disagreement below the candidate 75th percentile
30,4,81,46,1283,371700.0,4503900.0,6280.127387,0.982833,1.6e-05,0.016852,0.016868,0.000986,0.5,True,0.982833,False,0.982954,epistemic disagreement below the candidate 75th percentile
31,179,164,2907,1881,431537.195122,4217842.682927,5797.413216,0.982692,3e-05,0.01697,0.017,0.00182,0.5,True,0.982692,False,0.982916,epistemic disagreement below the candidate 75th percentile
32,27,254,291,2797,523113.779528,4479384.251969,4044.749683,0.982227,5.6e-05,0.017394,0.017449,0.003104,0.371374,False,0.982227,False,0.982903,epistemic disagreement below the candidate 75th percentile
33,61,189,614,1875,430880.952381,4447080.952381,2236.067977,0.983258,2.8e-05,0.01643,0.016458,0.001704,0.954539,True,0.983258,False,0.982896,epistemic disagreement below the candidate 75th percentile
34,131,235,1750,1248,368193.191489,4333500.425532,1077.032961,0.982702,2.5e-05,0.016967,0.016992,0.001418,0.5,True,0.982702,False,0.982877,epistemic disagreement below the candidate 75th percentile
35,11,1303,174,406,283983.269378,4491056.331543,2121.320344,0.983133,6.1e-05,0.016508,0.016569,0.003618,0.77878,True,0.983133,False,0.982834,epistemic disagreement below the candidate 75th percentile
36,113,177,1438,832,326561.581921,4364678.531073,2942.787794,0.982604,2.9e-05,0.017061,0.017091,0.001736,0.5,True,0.982604,False,0.982817,epistemic disagreement below the candidate 75th percentile
37,69,81,716,628,306200.0,4436900.0,1615.549442,0.982271,7.6e-05,0.017333,0.017409,0.004371,0.5,True,0.982271,False,0.982808,epistemic disagreement below the candidate 75th percentile
38,94,189,1062,1505,393900.0,4402290.47619,1562.049935,0.982371,6.6e-05,0.017229,0.017295,0.003458,0.5,True,0.982371,False,0.982795,epistemic disagreement below the candidate 75th percentile
39,32,626,316,630,306366.773163,4476908.626198,600.0,0.982937,3.3e-05,0.016733,0.016766,0.001913,0.769274,True,0.982937,False,0.982792,epistemic disagreement below the candidate 75th percentile
40,115,1621,1509,603,303659.161012,4357586.859963,1941.648784,0.982487,7e-05,0.017095,0.017165,0.003354,0.559693,True,0.982487,False,0.982752,epistemic disagreement below the candidate 75th percentile
41,169,518,2601,1653,408703.088803,4248418.918919,1300.0,0.983402,4.4e-05,0.016261,0.016306,0.002709,1.0,True,0.983402,False,0.982736,epistemic disagreement below the candidate 75th percentile
42,178,90,2872,1984,441850.0,4221300.0,10866.462166,0.982574,1.6e-05,0.017101,0.017117,0.000972,0.5,True,0.982574,False,0.982694,epistemic disagreement below the candidate 75th percentile
43,128,329,1745,1333,376669.908815,4334035.866261,500.0,0.982891,4.4e-05,0.016763,0.016807,0.002683,0.782115,True,0.982891,False,0.982662,epistemic disagreement below the candidate 75th percentile
44,143,119,2091,1156,359008.403361,4299392.436975,1500.0,0.9826,3e-05,0.017056,0.017086,0.001793,0.629368,True,0.9826,False,0.98265,epistemic disagreement below the candidate 75th percentile
45,105,135,1307,576,301000.0,4377800.0,2024.845673,0.982446,5.3e-05,0.017188,0.01724,0.002996,0.583041,True,0.982446,False,0.982631,epistemic disagreement below the candidate 75th percentile
46,166,1095,2542,1309,374336.52968,4254300.365297,1000.0,0.98311,7.1e-05,0.016514,0.016585,0.003978,0.832276,True,0.98311,False,0.982624,epistemic disagreement below the candidate 75th percentile
47,66,4766,714,2525,495909.127151,4437094.062107,3400.0,0.983134,0.000221,0.016215,0.016436,0.005029,0.807891,True,0.983134,False,0.982611,epistemic disagreement below the candidate 75th percentile
48,79,318,860,1739,417295.91195,4422505.031447,1131.37085,0.982415,0.000101,0.017076,0.017177,0.002881,0.621773,True,0.982415,False,0.98251,epistemic disagreement below the candidate 75th percentile
49,172,81,2756,1760,419400.0,4232900.0,4512.205669,0.982083,6.1e-05,0.017527,0.017588,0.003354,0.5,True,0.982083,False,0.982494,epistemic disagreement below the candidate 75th percentile
50,205,600,3242,1742,417635.0,4184339.166667,1170.469991,0.982887,6.5e-05,0.016738,0.016803,0.003861,0.813772,True,0.982887,False,0.982468,epistemic disagreement below the candidate 75th percentile
51,126,512,1725,1302,373575.0,4336012.695312,1552.41747,0.982157,8.3e-05,0.017394,0.017477,0.002926,0.529528,True,0.982157,False,0.982452,epistemic disagreement below the candidate 75th percentile
52,31,714,315,668,310157.002801,4477039.495798,1431.782106,0.982361,6.1e-05,0.017242,0.017304,0.00224,0.612469,True,0.982361,False,0.98245,epistemic disagreement below the candidate 75th percentile
53,86,81,972,1556,399000.0,4411300.0,1923.538406,0.982945,4e-05,0.01672,0.01676,0.002414,0.965724,True,0.982945,False,0.982413,epistemic disagreement below the candidate 75th percentile
54,52,185,518,828,326224.864865,4456703.243243,2220.360331,0.982227,2.4e-05,0.017427,0.017452,0.001444,0.5,True,0.982227,False,0.982404,epistemic disagreement below the candidate 75th percentile
55,2,549,44,931,336513.296903,4504136.247723,500.0,0.98255,4.5e-05,0.017092,0.017136,0.002524,0.766873,True,0.98255,False,0.982364,epistemic disagreement below the candidate 75th percentile
56,16,1387,212,617,305117.736121,4487329.055516,1600.0,0.982416,9.1e-05,0.017128,0.017219,0.003986,0.686829,True,0.982416,False,0.982357,epistemic disagreement below the candidate 75th percentile
57,37,114,362,621,305464.035088,4472339.473684,538.516481,0.982302,2.8e-05,0.017348,0.017376,0.00157,0.620383,True,0.982302,False,0.982355,epistemic disagreement below the candidate 75th percentile
58,184,628,2966,2158,459186.624204,4211935.350318,1868.154169,0.9823,9.1e-05,0.017225,0.017317,0.003141,0.650017,True,0.9823,False,0.982338,epistemic disagreement below the candidate 75th percentile
59,71,1032,753,2097,453064.534884,4433244.186047,1676.305461,0.982864,5.4e-05,0.016744,0.016798,0.002409,0.96643,True,0.982864,False,0.982332,epistemic disagreement below the candidate 75th percentile
60,167,239,2548,1941,437469.456067,4253691.631799,6293.647591,0.982003,5.1e-05,0.017614,0.017665,0.002722,0.512442,True,0.982003,False,0.982312,epistemic disagreement below the candidate 75th percentile
61,187,829,2991,2082,451615.681544,4209358.504222,565.685425,0.982177,6.9e-05,0.017367,0.017436,0.003108,0.61904,True,0.982177,False,0.982286,epistemic disagreement below the candidate 75th percentile
62,47,137,422,1280,371392.70073,4466291.970803,12963.410045,0.982102,2.5e-05,0.017545,0.01757,0.001496,0.5,True,0.982102,False,0.982286,epistemic disagreement below the candidate 75th percentile
63,43,343,378,2790,522403.498542,4470700.291545,1824.828759,0.97977,0.000165,0.019579,0.019744,0.005441,0.042888,False,0.97977,True,0.982264,under-surveyed + high epistemic: raises priority
64,146,224,2156,1496,393032.589286,4292867.410714,1431.782106,0.982025,2.9e-05,0.017617,0.017646,0.00164,0.5,True,0.982025,False,0.982226,epistemic disagreement below the candidate 75th percentile
65,129,725,1754,1214,364841.103448,4333093.793103,1720.465053,0.981937,6.6e-05,0.0176,0.017666,0.002256,0.5,True,0.981937,False,0.982214,epistemic disagreement below the candidate 75th percentile
66,39,139,362,917,335087.05036,4472284.172662,2262.7417,0.981839,5.8e-05,0.017747,0.017805,0.003028,0.5,True,0.981839,False,0.982211,epistemic disagreement below the candidate 75th percentile
67,7,126,110,2796,523035.714286,4497500.0,3059.411708,0.981173,5.2e-05,0.018409,0.01846,0.002753,0.163116,False,0.981173,False,0.982193,epistemic disagreement below the candidate 75th percentile
68,21,110,239,1580,401450.0,4484600.0,3832.753579,0.982288,1.4e-05,0.017381,0.017395,0.000834,0.842105,True,0.982288,False,0.98218,epistemic disagreement below the candidate 75th percentile
69,127,81,1732,1245,367900.0,4335300.0,500.0,0.981915,3.8e-05,0.017703,0.017741,0.002148,0.5,True,0.981915,False,0.982179,epistemic disagreement below the candidate 75th percentile
70,58,139,597,1871,430515.827338,4448812.94964,1220.655562,0.982432,4e-05,0.017206,0.017246,0.002061,0.846176,True,0.982432,False,0.98216,epistemic disagreement below the candidate 75th percentile
71,108,115,1324,571,300455.652174,4376140.0,600.0,0.982492,4.3e-05,0.017151,0.017194,0.002559,0.84714,True,0.982492,False,0.982152,epistemic disagreement below the candidate 75th percentile
72,15,1320,223,362,279647.878788,4486189.393939,700.0,0.982385,9.9e-05,0.017186,0.017286,0.005284,0.73134,True,0.982385,True,0.982134,well-surveyed + high epistemic: treat with suspicion
73,19,228,221,1587,402062.719298,4486430.263158,3026.54919,0.982316,1.7e-05,0.017345,0.017362,0.001038,0.915108,True,0.982316,False,0.982126,epistemic disagreement below the candidate 75th percentile
74,55,69,548,480,291378.26087,4453701.449275,223.606798,0.981808,1.7e-05,0.017831,0.017849,0.0009,0.269641,False,0.981808,False,0.982071,epistemic disagreement below the candidate 75th percentile
75,121,631,1616,605,303913.312203,4346907.131537,1513.274595,0.981674,7.7e-05,0.017893,0.01797,0.004002,0.533677,True,0.981674,False,0.982066,epistemic disagreement below the candidate 75th percentile
76,90,263,1004,1640,407360.836502,4408072.623574,989.949494,0.982999,9.7e-05,0.016573,0.01667,0.004049,0.991495,True,0.982999,False,0.98203,epistemic disagreement below the candidate 75th percentile
77,76,660,820,1029,346299.393939,4426518.333333,2404.163056,0.981676,5.9e-05,0.01791,0.01797,0.002885,0.500957,True,0.981676,False,0.982028,epistemic disagreement below the candidate 75th percentile
78,23,798,277,363,279703.634085,4480829.949875,1220.655562,0.982414,9.3e-05,0.017145,0.017238,0.004588,0.791815,True,0.982414,False,0.981991,epistemic disagreement below the candidate 75th percentile
79,189,366,2990,1523,395705.191257,4209545.081967,400.0,0.982126,5.2e-05,0.017483,0.017535,0.003054,0.7358,True,0.982126,False,0.98197,epistemic disagreement below the candidate 75th percentile
80,208,90,3252,1780,421450.0,4183300.0,921.954446,0.982646,4.8e-05,0.017001,0.017049,0.002795,1.0,True,0.982646,False,0.98196,epistemic disagreement below the candidate 75th percentile
81,45,241,378,617,305110.373444,4470655.186722,670.820393,0.981733,4.5e-05,0.017862,0.017907,0.002325,0.5481,True,0.981733,False,0.981936,epistemic disagreement below the candidate 75th percentile
82,123,146,1687,739,317343.835616,4339805.479452,412.310563,0.982393,6.5e-05,0.017223,0.017288,0.003703,0.840844,True,0.982393,False,0.981917,epistemic disagreement below the candidate 75th percentile
83,142,214,2094,1141,357509.813084,4299142.056075,3000.0,0.98149,7.2e-05,0.018069,0.01814,0.003296,0.500246,True,0.98149,False,0.981894,epistemic disagreement below the candidate 75th percentile
84,159,561,2493,1928,436211.051693,4259223.885918,3383.784863,0.981632,4.6e-05,0.017931,0.017977,0.002079,0.5,True,0.981632,False,0.981887,epistemic disagreement below the candidate 75th percentile
85,72,90,764,1098,353250.0,4432100.0,1552.41747,0.98174,2.1e-05,0.017894,0.017914,0.001206,0.56462,True,0.98174,False,0.981831,epistemic disagreement below the candidate 75th percentile
86,125,81,1712,868,330200.0,4337300.0,670.820393,0.981611,5.2e-05,0.017982,0.018033,0.002633,0.584146,True,0.981611,False,0.981771,epistemic disagreement below the candidate 75th percentile
87,44,256,377,1007,344112.109375,4470778.125,800.0,0.981931,4.9e-05,0.017681,0.01773,0.002584,0.799034,True,0.981931,False,0.981679,epistemic disagreement below the candidate 75th percentile
88,59,117,602,1887,432100.0,4448300.0,2561.249695,0.982319,4.9e-05,0.017312,0.017361,0.002723,1.0,True,0.982319,False,0.981651,epistemic disagreement below the candidate 75th percentile
89,209,735,3274,1731,416487.210884,4181067.891156,100.0,0.982004,0.000134,0.017503,0.017637,0.005369,0.756266,True,0.982004,True,0.981649,well-surveyed + high epistemic: treat with suspicion
90,196,90,3068,1738,417250.0,4201700.0,2647.640459,0.982002,8.9e-05,0.017573,0.017662,0.004807,0.779094,True,0.982002,False,0.981604,epistemic disagreement below the candidate 75th percentile
91,155,1523,2478,2017,445127.183191,4260679.185817,11275.194012,0.981378,5.1e-05,0.018194,0.018245,0.002192,0.575993,True,0.981378,False,0.981524,epistemic disagreement below the candidate 75th percentile
92,25,260,284,616,305027.692308,4480106.923077,200.0,0.981329,4.6e-05,0.018234,0.01828,0.002414,0.561741,True,0.981329,False,0.981515,epistemic disagreement below the candidate 75th percentile
93,104,78,1304,536,297008.974359,4378085.897436,412.310563,0.981786,3.6e-05,0.017843,0.017879,0.002031,0.855263,True,0.981786,False,0.981504,epistemic disagreement below the candidate 75th percentile
94,207,1395,3259,1963,439695.412186,4182643.225806,8772.68488,0.982408,0.000111,0.017099,0.017209,0.004005,0.973958,True,0.982408,False,0.981501,epistemic disagreement below the candidate 75th percentile
95,65,238,631,2176,461030.672269,4445362.184874,1300.0,0.981576,1.4e-05,0.018059,0.018073,0.000813,0.872678,True,0.981576,False,0.981452,epistemic disagreement below the candidate 75th percentile
96,96,81,1092,452,288600.0,4399300.0,6177.378085,0.982428,0.000101,0.01716,0.017261,0.005825,0.902047,True,0.982428,True,0.981418,well-surveyed + high epistemic: treat with suspicion
97,17,90,208,1752,418550.0,4487700.0,1200.0,0.981341,3.9e-05,0.01825,0.018288,0.00226,0.624708,True,0.981341,False,0.981411,epistemic disagreement below the candidate 75th percentile
98,77,99,849,668,310200.0,4423600.0,2500.0,0.980468,0.000105,0.01903,0.019135,0.005036,0.42504,True,0.980468,True,0.981363,under-surveyed + high epistemic: raises priority
99,8,163,111,2870,530411.042945,4497408.588957,4024.922359,0.980716,6.6e-05,0.018828,0.018894,0.003222,0.398854,False,0.980716,False,0.981351,epistemic disagreement below the candidate 75th percentile
100,12,81,152,2452,488600.0,4493300.0,5869.412236,0.981664,2.4e-05,0.01797,0.017994,0.001321,1.0,True,0.981664,False,0.98134,epistemic disagreement below the candidate 75th percentile
101,9,90,140,2440,487450.0,4494500.0,7170.076708,0.981708,2.6e-05,0.017926,0.017952,0.00151,0.999708,True,0.981708,False,0.981338,epistemic disagreement below the candidate 75th percentile
102,130,219,1746,1232,366609.13242,4333915.525114,1360.147051,0.980902,0.000108,0.018572,0.01868,0.003214,0.5,True,0.980902,False,0.981296,epistemic disagreement below the candidate 75th percentile
103,54,99,540,816,325000.0,4454500.0,1900.0,0.981055,3.2e-05,0.018544,0.018576,0.001768,0.5,True,0.981055,False,0.981272,epistemic disagreement below the candidate 75th percentile
104,83,117,922,388,282200.0,4416300.0,9563.472173,0.979878,5.9e-05,0.019645,0.019704,0.002769,0.023729,False,0.979878,False,0.981186,epistemic disagreement below the candidate 75th percentile
105,157,581,2469,1969,440322.375215,4261627.366609,6412.487817,0.980567,9.7e-05,0.018929,0.019026,0.00411,0.5,True,0.980567,False,0.981071,epistemic disagreement below the candidate 75th percentile
106,116,137,1526,1308,374207.29927,4355908.029197,2441.311123,0.981179,4.3e-05,0.018409,0.018452,0.002318,0.730887,True,0.981179,False,0.98107,epistemic disagreement below the candidate 75th percentile
107,98,91,1115,869,330252.747253,4396974.725275,141.421356,0.98125,5.2e-05,0.018332,0.018384,0.002838,0.782533,True,0.98125,False,0.981008,epistemic disagreement below the candidate 75th percentile
108,107,141,1322,586,302008.510638,4376287.234043,824.621125,0.981571,7.8e-05,0.017996,0.018074,0.004237,0.854703,True,0.981571,False,0.980984,epistemic disagreement below the candidate 75th percentile
109,200,81,3104,2220,465400.0,4198100.0,781.024968,0.981175,5.1e-05,0.018403,0.018454,0.0026,0.789311,True,0.981175,False,0.980941,epistemic disagreement below the candidate 75th percentile
110,214,768,3358,2218,465196.354167,4172742.96875,670.820393,0.981532,7.7e-05,0.017977,0.018053,0.003385,0.919408,True,0.981532,False,0.980902,epistemic disagreement below the candidate 75th percentile
111,223,81,3618,2020,445400.0,4146700.0,12440.257232,0.980998,6.1e-05,0.018567,0.018628,0.003193,0.710526,True,0.980998,False,0.980895,epistemic disagreement below the candidate 75th percentile
112,26,325,290,997,343057.846154,4479470.461538,2247.220505,0.98022,6.6e-05,0.019295,0.019362,0.003024,0.387692,True,0.98022,False,0.98084,epistemic disagreement below the candidate 75th percentile
113,144,99,2110,1764,419845.454545,4297454.545455,921.954446,0.981665,6.3e-05,0.017928,0.017992,0.003497,1.0,True,0.981665,False,0.980806,epistemic disagreement below the candidate 75th percentile
114,124,145,1707,1527,396128.275862,4337833.793103,1800.0,0.980584,5.2e-05,0.018945,0.018997,0.002757,0.574229,True,0.980584,False,0.980771,epistemic disagreement below the candidate 75th percentile
115,177,147,2868,1670,410405.442177,4221652.380952,848.528137,0.97993,0.000129,0.019508,0.019637,0.006206,0.5,True,0.97993,True,0.98069,well-surveyed + high epistemic: treat with suspicion
116,5,305,69,649,308338.688525,4501612.459016,3929.376541,0.980463,4.1e-05,0.019073,0.019114,0.001784,0.500345,True,0.980463,False,0.980681,epistemic disagreement below the candidate 75th percentile
117,138,257,2053,1138,357164.202335,4303228.793774,2549.509757,0.980736,4.9e-05,0.018802,0.018851,0.002207,0.73249,True,0.980736,False,0.980629,epistemic disagreement below the candidate 75th percentile
118,88,181,985,764,319806.629834,4410007.18232,2500.0,0.980444,3.2e-05,0.019115,0.019146,0.001757,0.555612,True,0.980444,False,0.980588,epistemic disagreement below the candidate 75th percentile
119,215,599,3390,1758,419163.772955,4169539.232053,3176.476035,0.981528,0.000184,0.017896,0.01808,0.00574,0.890387,True,0.981528,True,0.980582,well-surveyed + high epistemic: treat with suspicion
120,120,81,1596,576,301000.0,4348900.0,1711.724277,0.98017,6.6e-05,0.019353,0.019418,0.003286,0.5,True,0.98017,False,0.980572,epistemic disagreement below the candidate 75th percentile
